First Name,Last Name,Email,Phone
Charlie,Davis,charlie.davis.100@erb7.com,+1-751-500-5117
Jack,Johnson,jack.johnson.92@erb7.com,+1-531-588-3202
Frank,Williams,frank.williams.26@erb7.com,+1-348-915-7054
Eve,Brown,eve.brown.96@erb7.com,+1-765-730-4256
Iris,Smith,iris.smith.1@erb7.com,+1-657-416-9554
Jack,Davis,jack.davis.37@erb7.com,+1-147-706-8867
Diana,Davis,diana.davis.88@erb7.com,+1-444-672-6331
Bob,Garcia,bob.garcia.21@erb7.com,+1-733-898-1386
Henry,Smith,henry.smith.40@erb7.com,+1-324-285-8495
Jack,Garcia,jack.garcia.15@erb7.com,+1-850-962-7374
Charlie,Martinez,charlie.martinez.78@erb7.com,+1-916-629-6326
Eve,Brown,eve.brown.65@erb7.com,+1-488-584-5781
Charlie,Davis,charlie.davis.65@erb7.com,+1-358-513-7275
Iris,Garcia,iris.garcia.77@erb7.com,+1-340-361-8383
Alice,Garcia,alice.garcia.48@erb7.com,+1-904-143-3334
Henry,Williams,henry.williams.46@erb7.com,+1-900-279-2458
Alice,Martinez,alice.martinez.52@erb7.com,+1-643-599-7158
Diana,Williams,diana.williams.10@erb7.com,+1-363-912-7807
Frank,Garcia,frank.garcia.73@erb7.com,+1-387-564-4057
Frank,Williams,frank.williams.85@erb7.com,+1-374-581-9664
